Категория;Размер;Габариты, см;Вес, кг;Объёмный вес, кг;Китай → склад РФ, ₽;СДЭК до ПВЗ Москва, ₽;Итого, ₽;Срок, дней
Кроссовки / кеды;EU 16–22;23×16×11;0,35;0,81;238;370;608;19–20
Кроссовки / кеды;EU 23–27;26×18×12;0,5;1,12;340;409;749;19–20
Кроссовки / кеды;EU 28–35;30×21×13;0,8;1,64;544;473;1017;19–20
Кроссовки / кеды;EU 35–38;34×23×14;1;2,19;680;577;1257;19–20
Кроссовки / кеды;EU 38,5–41;36×24×15;1,2;2,59;816;626;1442;19–20
Кроссовки / кеды;EU 42–44;38×26×15,5;1,4;3,06;952;685;1637;19–20
Кроссовки / кеды;EU 44,5–46;39×27×16;1,6;3,37;1088;758;1846;19–20
Кроссовки / кеды;EU 47+;40×28×17;1,8;3,81;1224;812;2036;19–20
Ботинки;EU 35–38;37,1×25,1×15,3;1,4;2,85;952;658;1610;19–20
Ботинки;EU 38,5–41;39,3×26,2×16,4;1,68;3,38;1142;759;1901;19–20
Ботинки;EU 42–44;41,5×28,4×16,9;1,96;3,98;1333;834;2167;19–20
Ботинки;EU 44,5–46;42,6×29,5×17,5;2,24;4,4;1523;921;2444;19–20
Ботинки;EU 47+;43,7×30,6×18,6;2,52;4,97;1714;992;2706;19–20
Шлёпанцы / сандалии;EU 35–38;29,5×19,9×12,1;0,6;1,42;408;446;854;19–20
Шлёпанцы / сандалии;EU 38,5–41;31,2×20,8×13;0,72;1,69;490;479;969;19–20
Шлёпанцы / сандалии;EU 42–44;32,9×22,5×13,4;0,84;1,98;571;516;1087;19–20
Шлёпанцы / сандалии;EU 44,5–46;33,8×23,4×13,9;0,96;2,2;653;542;1195;19–20
Шлёпанцы / сандалии;EU 47+;34,6×24,3×14,7;1,08;2,47;734;612;1346;19–20
Лоферы / туфли;EU 35–38;32,8×22,2×13,5;1;1,97;680;513;1194;19–20
Лоферы / туфли;EU 38,5–41;34,8×23,2×14,5;1,2;2,34;816;595;1411;19–20
Лоферы / туфли;EU 42–44;36,7×25,1×15;1,4;2,76;952;648;1600;19–20
Лоферы / туфли;EU 44,5–46;37,7×26,1×15,4;1,6;3,03;1088;681;1769;19–20
Лоферы / туфли;EU 47+;38,6×27×16,4;1,8;3,42;1224;764;1988;19–20
Футболка / поло;XS–S;30×22×3;0,2;0,4;204;319;523;19–20
Футболка / поло;M;31×22,5×3,3;0,23;0,46;204;327;531;19–20
Футболка / поло;L;32×23×3,6;0,25;0,53;204;336;540;19–20
Футболка / поло;XL;33×23,5×3,9;0,28;0,6;204;345;549;19–20
Футболка / поло;2XL;34×24×4,2;0,31;0,69;211;355;566;19–20
Футболка / поло;3XL+;35×24,5×4,5;0,34;0,77;231;366;597;19–20
Лонгслив / джерси;XS–S;30×22×4;0,25;0,53;204;336;540;19–20
Лонгслив / джерси;M;31×22,5×4,3;0,28;0,6;204;344;548;19–20
Лонгслив / джерси;L;32×23×4,6;0,31;0,68;211;354;565;19–20
Лонгслив / джерси;XL;33×23,5×4,9;0,34;0,76;231;364;595;19–20
Лонгслив / джерси;2XL;34×24×5,2;0,37;0,85;252;375;627;19–20
Лонгслив / джерси;3XL+;35×24,5×5,5;0,4;0,94;272;387;659;19–20
Худи;XS–S;35×28×8;0,55;1,57;374;464;838;19–20
Худи;M;36×28,5×8,5;0,62;1,74;422;486;908;19–20
Худи;L;37×29×9;0,7;1,93;476;509;985;19–20
Худи;XL;38×29,5×9,5;0,78;2,13;530;534;1064;19–20
Худи;2XL;39×30×10;0,86;2,34;585;595;1180;19–20
Худи;3XL+;40×30,5×10,5;0,95;2,56;646;623;1269;19–20
Свитшот;XS–S;35×27×6;0,47;1,13;320;411;730;19–20
Свитшот;M;36×27,5×6,5;0,53;1,29;360;429;790;19–20
Свитшот;L;37×28×7;0,6;1,45;408;450;858;19–20
Свитшот;XL;38×28,5×7,5;0,66;1,62;449;471;920;19–20
Свитшот;2XL;39×29×8;0,73;1,81;496;494;991;19–20
Свитшот;3XL+;40×29,5×8,5;0,8;2,01;544;518;1062;19–20
Шорты;XS–S;28×22×4;0,25;0,49;204;331;535;19–20
Шорты;M;29×22,5×4,3;0,28;0,56;204;340;544;19–20
Шорты;L;30×23×4,6;0,31;0,63;211;349;560;19–20
Шорты;XL;31×23,5×4,9;0,34;0,71;231;359;590;19–20
Шорты;2XL;32×24×5,2;0,37;0,8;252;369;621;19–20
Шорты;3XL+;33×24,5×5,5;0,4;0,89;272;380;652;19–20
Спортивные штаны;XS–S;35×25×6;0,45;1,05;306;400;706;19–20
Спортивные штаны;M;36×25,5×6,5;0,5;1,19;340;418;758;19–20
Спортивные штаны;L;37×26×7;0,56;1,35;381;437;818;19–20
Спортивные штаны;XL;38×26,5×7,5;0,62;1,51;422;457;879;19–20
Спортивные штаны;2XL;39×27×8;0,68;1,68;462;479;941;19–20
Спортивные штаны;3XL+;40×27,5×8,5;0,75;1,87;510;502;1012;19–20
Джинсы;XS–S;35×28×6;0,65;1,18;442;416;858;19–20
Джинсы;M;36×28,5×6,5;0,7;1,33;476;435;911;19–20
Джинсы;L;37×29×7;0,75;1,5;510;456;966;19–20
Джинсы;XL;38×29,5×7,5;0,8;1,68;544;478;1022;19–20
Джинсы;2XL;39×30×8;0,85;1,87;578;502;1080;19–20
Джинсы;3XL+;40×30,5×8,5;0,9;2,07;612;527;1139;19–20
Ветровка / лёгкая куртка;XS–S;35×28×6;0,45;1,18;306;416;722;19–20
Ветровка / лёгкая куртка;M;36×28,5×6,5;0,52;1,33;354;435;789;19–20
Ветровка / лёгкая куртка;L;37×29×7;0,6;1,5;408;456;864;19–20
Ветровка / лёгкая куртка;XL;38×29,5×7,5;0,68;1,68;462;478;941;19–20
Ветровка / лёгкая куртка;2XL;39×30×8;0,75;1,87;510;502;1012;19–20
Ветровка / лёгкая куртка;3XL+;40×30,5×8,5;0,82;2,07;558;527;1084;19–20
Куртка / бомбер;XS–S;40×30×10;0,9;2,4;612;603;1215;19–20
Куртка / бомбер;M;41×30,5×11;1;2,75;680;646;1326;19–20
Куртка / бомбер;L;42×31×12;1,1;3,12;748;728;1476;19–20
Куртка / бомбер;XL;43×31,5×13;1,22;3,52;830;777;1607;19–20
Куртка / бомбер;2XL;44×32×14;1,35;3,94;918;829;1747;19–20
Куртка / бомбер;3XL+;45×32,5×15;1,48;4,39;1006;919;1926;19–20
Пуховик;XS–S;45×35×15;1,5;4,72;1020;961;1981;19–20
Пуховик;M;46×35,5×16,5;1,7;5,39;1156;1079;2235;19–20
Пуховик;L;47×36×18;1,9;6,09;1292;1201;2493;19–20
Пуховик;XL;48×36,5×19,5;2,1;6,83;1428;1293;2721;19–20
Пуховик;2XL;49×37×21;2,3;7,61;1564;1425;2989;19–20
Пуховик;3XL+;50×37,5×22,5;2,5;8,44;1700;1562;3263;19–20
Жилетка;XS–S;35×27×6;0,4;1,13;272;411;683;19–20
Жилетка;M;36×27,5×6,5;0,45;1,29;306;429;735;19–20
Жилетка;L;37×28×7;0,5;1,45;340;450;790;19–20
Жилетка;XL;38×28,5×7,5;0,55;1,62;374;471;845;19–20
Жилетка;2XL;39×29×8;0,6;1,81;408;494;902;19–20
Жилетка;3XL+;40×29,5×8,5;0,65;2,01;442;518;960;19–20
Платье / юбка;XS–S;32×25×4;0,35;0,64;238;349;587;19–20
Платье / юбка;M;33×25,5×4,3;0,4;0,72;272;360;632;19–20
Платье / юбка;L;34×26×4,6;0,45;0,81;306;371;677;19–20
Платье / юбка;XL;35×26,5×4,9;0,5;0,91;340;383;723;19–20
Платье / юбка;2XL;36×27×5,2;0,55;1,01;374;395;769;19–20
Платье / юбка;3XL+;37×27,5×5,5;0,6;1,12;408;409;817;19–20
Бельё / носки;любой;25×18×4;0,18;0,36;204;315;519;19–20
Часы;—;15×12×10;0,5;0,36;340;332;672;19–20
Смарт-часы;—;15×10×8;0,5;0,24;340;332;672;19–20
Очки;—;18×8×6;0,3;0,17;204;307;511;19–20
Сумка через плечо;—;30×22×10;0,8;1,32;544;434;978;19–20
Сумка / шопер;—;38×30×12;1;2,74;680;644;1324;19–20
Рюкзак;—;45×32×15;1,2;4,32;816;911;1727;19–20
Дорожная / спортивная сумка;—;55×30×20;1,8;6,6;1224;1264;2488;19–20
Кепка;—;28×20×14;0,35;1,57;238;464;702;19–20
Шапка / шарф;—;25×20×6;0,3;0,6;204;344;548;19–20
Ремень / кошелёк;—;22×14×6;0,3;0,37;204;316;520;19–20
Украшения;—;12×10×6;0,15;0,14;204;307;511;19–20
Чехол для телефона;—;20×12×3;0,15;0,14;204;307;511;19–20
Парфюм;—;15×10×10;0,6;0,3;408;344;752;19–20
Косметика;—;18×12×8;0,4;0,35;272;320;592;19–20
Телефон;—;20×12×8;0,6;0,38;408;344;752;19–20
Наушники;—;18×15×8;0,5;0,43;340;332;672;19–20
Павербанк / зарядка;—;18×12×6;0,5;0,26;340;332;672;19–20
Геймпад;—;22×18×10;0,6;0,79;408;368;776;19–20
Фен;—;35×25×12;1,2;2,1;816;565;1382;19–20
Фотоаппарат;—;25×20×15;1;1,5;680;456;1136;19–20
Мяч;—;25×25×25;0,8;3,13;544;728;1272;19–20